{"final_equity":26742.298397944,"return_total":1.6742298398,"cagr":0.1500549757,"sharpe":0.5486804533,"sortino":0.5767462187,"max_drawdown":-0.6925518528,"n_trades_events":895.0}