{"final_equity":10869.1520106591,"return_total":0.0869152011,"cagr":0.0694033885,"sharpe":0.3734339017,"sortino":0.4235398849,"max_drawdown":-0.2593432304,"n_trades_events":160.0}