{
  "final_equity": 11379.613484983365,
  "return_total": 0.1379613484983364,
  "cagr": 0.026217341986180198,
  "sharpe": 0.4033359608311955,
  "sortino": 0.378867944101202,
  "max_drawdown": -0.05270162739060036,
  "n_trades_events": 101
}