{"final_equity":15644.5046492434,"return_total":0.5644504649,"cagr":0.0656756187,"sharpe":0.3827140865,"sortino":0.3880028626,"max_drawdown":-0.7718364634,"n_trades_events":872.0}