{
  "final_equity": 10422.083688070185,
  "return_total": 0.042208368807018504,
  "cagr": 0.008312940347189102,
  "sharpe": 0.16493669666744543,
  "sortino": 0.09366857325883446,
  "max_drawdown": -0.07418717020463328,
  "n_trades_events": 97
}