{
  "sma_fast": 20.0,
  "sma_slow": 300.0,
  "adx_thr": 25.0,
  "risk": 0.015,
  "sl_atr": 1.5,
  "ts_atr": 1.5,
  "fee": 0.0005,
  "slippage": 0.0002,
  "total_return": 0.7088810691465595,
  "Sharpe": 0.7672151218190844,
  "MaxDD": -0.07533838607689902,
  "CAGR": 0.1132681394623345,
  "Calmar": 1.503458533697815
}