{
  "sma_fast": 10.0,
  "sma_slow": 100.0,
  "adx_thr": 15.0,
  "risk": 0.015,
  "sl_atr": 1.5,
  "ts_atr": 1.5,
  "fee": 0.001,
  "slippage": 0.0005,
  "total_return": 0.0755066392768442,
  "Sharpe": 1.0236672209976176,
  "MaxDD": -0.01449464796930966,
  "CAGR": 0.07577551941442717,
  "Calmar": 5.227827510876496
}