year,ret
2024,0.1671366118037032
2025,-0.06873352264548871
